E2E	33485146106	2026-09-01 16:03:53	feat/minimax-m3-a5-msa-index-fp8-main
E2E	33485133703	2026-09-01 16:03:44	new-refactor
E2E	33484949088	2026-09-01 16:01:27	kv_pool_supoort_qos
E2E	33484761005	2026-09-01 15:59:16	feat/layerwise-kv-pool-v2-runner
E2E	33484734889	2026-09-01 15:58:54	test/reenable-deepseek-v4-mtp-eager
E2E	33484618242	2026-09-01 15:57:23	codex/fix-dsv4-mooncake-scheduler-block-size
E2E	33484540041	2026-09-01 15:56:23	feature/add-Qwen3-8B-E2E-test
E2E	33484457087	2026-09-01 15:55:21	pcp_weight_transfer
E2E	33484389426	2026-09-01 15:54:30	backport/record-stream-v0.26.0rc
E2E	33484377214	2026-09-01 15:54:21	fix/record-stream-cross-stream-lifetime
E2E	33484333333	2026-09-01 15:53:47	feature/dsa-pcp-aclgraph
E2E	33484256067	2026-09-01 15:52:47	mrv2-extract-hidden-states-5b6a
Nightly-A3	33478289030	2026-09-01 14:35:52	main
Nightly-A3	33472492154	2026-09-01 13:09:10	main
Nightly-A3	33410221539	2026-08-31 23:45:03	main
Nightly-A3	33384013585	2026-08-31 18:47:42	main
Nightly-A3	33381560557	2026-08-31 18:15:12	main
Nightly-A3	33380426365	2026-08-31 18:00:47	main
Nightly-A2	33462355983	2026-09-01 10:23:29	main
Nightly-A2	33410218421	2026-08-31 23:45:02	main
Nightly-A2	33390592236	2026-08-31 20:12:18	main
Nightly-A2	33384501917	2026-08-31 18:54:20	main
Nightly-A2	33384486947	2026-08-31 18:54:09	main
Nightly-A3-560T	33354426740	2026-08-31 11:37:17	main
Nightly-A3-560T	33267192493	2026-08-30 02:02:32	main
Nightly-A3-560T	33263835851	2026-08-30 00:45:38	main
Nightly-310P	33410224311	2026-08-31 23:45:05	main
Nightly-310P	33320517313	2026-08-30 23:45:05	main
Nightly-A5	33353401984	2026-08-31 11:17:57	main
Weekly-A3	33461002282	2026-09-01 10:01:55	main
Weekly-A3	33348311673	2026-08-31 09:40:44	main
Weekly-A3	33247965925	2026-08-29 18:30:11	main
Weekly-310P	33261093553	2026-08-29 23:45:05	main
Weekly-A2	33261091135	2026-08-29 23:45:02	main
Schedule All E2E Tests	33468208913	2026-09-01 12:00:02	main
Schedule All E2E Tests	33452975377	2026-09-01 08:00:03	main
Schedule All E2E Tests	33389580621	2026-08-31 20:00:03	main
Schedule All E2E Tests	33375585433	2026-08-31 17:00:52	hjp_818
E2E-upstream	33314303492	2026-08-30 21:29:12	main
Main2Main	33403470270	2026-08-31 22:34:55	main
